,Nearest Neighbors,Linear SVM,RBF SVM,Decision Tree,Random Forest,Neural Net,AdaBoost,Naive Bayes,QDA
train,0.9849350649350649,0.9807792207792208,1.0,0.5355844155844156,0.8072727272727273,0.9906493506493507,0.14493506493506494,0.8753246753246753,0.9994805194805195
test,0.956386292834891,0.9719626168224299,0.32710280373831774,0.48753894080996885,0.7601246105919003,0.9766355140186916,0.13239875389408098,0.8753894080996885,0.8161993769470405
